scrapping_date,link,name_of_hotel
2022-12-10 07:08:21.268571,https://www.booking.com/hotel/us/the-newbury-boston.html?label=gen173nr+%5C+%5C-1FCAEoggI46AdIM1gEaGyIAQGYAQm4AQfIAQzYAQHoAQH4AQuIAgGoAgO4AtPev5wGwAIB0g+%5C%5C+IkMzczODQ3OWMtN2M5Ny00NjA5LThjYWQtYzM0YTBlOGQzN2Y12AIG4AIB&sid=b0606c9325481785d6f3a8af5a0a6aa3&aid=304142&ucfs=1&arphpl=1&group_adults=2&req_adults=2&no_rooms=1&group_children=0&req_children=0&hpos=1&hapos=1&sr_order=popularity&srpvid=ea4e555878ad017c&srepoch=1670674097&from_sustainable_property_sr=1&dcs_click=1&from=searchresults&map_fdco=1#hotelTmpl,The Newbury Boston
2022-12-10 07:08:21.284477,https://www.booking.com/hotel/us/citizenm-boston-north-station.html?label=gen173nr+%5C+%5C-1FCAEoggI46AdIM1gEaGyIAQGYAQm4AQfIAQzYAQHoAQH4AQuIAgGoAgO4AtPev5wGwAIB0g+%5C%5C+IkMzczODQ3OWMtN2M5Ny00NjA5LThjYWQtYzM0YTBlOGQzN2Y12AIG4AIB&sid=b0606c9325481785d6f3a8af5a0a6aa3&aid=304142&ucfs=1&arphpl=1&group_adults=2&req_adults=2&no_rooms=1&group_children=0&req_children=0&hpos=2&hapos=2&sr_order=popularity&srpvid=ea4e555878ad017c&srepoch=1670674097&from_sustainable_property_sr=1&dcs_click=1&from=searchresults&map_fdco=1#hotelTmpl,citizenM Boston North Station
2022-12-10 07:08:21.300614,https://www.booking.com/hotel/us/doubletree-club-bayside.html?label=gen173nr+%5C+%5C-1FCAEoggI46AdIM1gEaGyIAQGYAQm4AQfIAQzYAQHoAQH4AQuIAgGoAgO4AtPev5wGwAIB0g+%5C%5C+IkMzczODQ3OWMtN2M5Ny00NjA5LThjYWQtYzM0YTBlOGQzN2Y12AIG4AIB&sid=b0606c9325481785d6f3a8af5a0a6aa3&aid=304142&ucfs=1&arphpl=1&group_adults=2&req_adults=2&no_rooms=1&group_children=0&req_children=0&hpos=3&hapos=3&sr_order=popularity&srpvid=ea4e555878ad017c&srepoch=1670674097&from_sustainable_property_sr=1&dcs_click=1&from=searchresults&map_fdco=1#hotelTmpl,DoubleTree by Hilton Hotel Boston Bayside
2022-12-10 07:08:21.316395,https://www.booking.com/hotel/us/the-verb.html?label=gen173nr+%5C+%5C-1FCAEoggI46AdIM1gEaGyIAQGYAQm4AQfIAQzYAQHoAQH4AQuIAgGoAgO4AtPev5wGwAIB0g+%5C%5C+IkMzczODQ3OWMtN2M5Ny00NjA5LThjYWQtYzM0YTBlOGQzN2Y12AIG4AIB&sid=b0606c9325481785d6f3a8af5a0a6aa3&aid=304142&ucfs=1&arphpl=1&group_adults=2&req_adults=2&no_rooms=1&group_children=0&req_children=0&hpos=4&hapos=4&sr_order=popularity&srpvid=ea4e555878ad017c&srepoch=1670674097&dcs_click=1&from=searchresults&map_fdco=1#hotelTmpl,The Verb Hotel
2022-12-10 07:08:21.332199,https://www.booking.com/hotel/us/studio-allston-hotel-boston.html?label=gen173nr+%5C+%5C-1FCAEoggI46AdIM1gEaGyIAQGYAQm4AQfIAQzYAQHoAQH4AQuIAgGoAgO4AtPev5wGwAIB0g+%5C%5C+IkMzczODQ3OWMtN2M5Ny00NjA5LThjYWQtYzM0YTBlOGQzN2Y12AIG4AIB&sid=b0606c9325481785d6f3a8af5a0a6aa3&aid=304142&ucfs=1&arphpl=1&group_adults=2&req_adults=2&no_rooms=1&group_children=0&req_children=0&hpos=5&hapos=5&sr_order=popularity&srpvid=ea4e555878ad017c&srepoch=1670674097&dcs_click=1&from=searchresults&map_fdco=1#hotelTmpl,Studio Allston Hotel Boston
2022-12-10 07:08:21.348057,https://www.booking.com/hotel/us/hyatt-place-boston-seaport-district.html?label=gen173nr+%5C+%5C-1FCAEoggI46AdIM1gEaGyIAQGYAQm4AQfIAQzYAQHoAQH4AQuIAgGoAgO4AtPev5wGwAIB0g+%5C%5C+IkMzczODQ3OWMtN2M5Ny00NjA5LThjYWQtYzM0YTBlOGQzN2Y12AIG4AIB&sid=b0606c9325481785d6f3a8af5a0a6aa3&aid=304142&ucfs=1&arphpl=1&group_adults=2&req_adults=2&no_rooms=1&group_children=0&req_children=0&hpos=6&hapos=6&sr_order=popularity&srpvid=ea4e555878ad017c&srepoch=1670674097&from_sustainable_property_sr=1&dcs_click=1&from=searchresults&map_fdco=1#hotelTmpl,Hyatt Place Boston/Seaport District
2022-12-10 07:08:21.348057,https://www.booking.com/hotel/us/hampton-inn-boston-seaport-ma.html?label=gen173nr+%5C+%5C-1FCAEoggI46AdIM1gEaGyIAQGYAQm4AQfIAQzYAQHoAQH4AQuIAgGoAgO4AtPev5wGwAIB0g+%5C%5C+IkMzczODQ3OWMtN2M5Ny00NjA5LThjYWQtYzM0YTBlOGQzN2Y12AIG4AIB&sid=b0606c9325481785d6f3a8af5a0a6aa3&aid=304142&ucfs=1&arphpl=1&group_adults=2&req_adults=2&no_rooms=1&group_children=0&req_children=0&hpos=7&hapos=7&sr_order=popularity&srpvid=ea4e555878ad017c&srepoch=1670674097&from_sustainable_property_sr=1&dcs_click=1&from=searchresults&map_fdco=1#hotelTmpl,Hampton Inn Boston Seaport District
2022-12-10 07:08:21.366186,https://www.booking.com/hotel/us/canopy-by-hilton-boston-downtown.html?label=gen173nr+%5C+%5C-1FCAEoggI46AdIM1gEaGyIAQGYAQm4AQfIAQzYAQHoAQH4AQuIAgGoAgO4AtPev5wGwAIB0g+%5C%5C+IkMzczODQ3OWMtN2M5Ny00NjA5LThjYWQtYzM0YTBlOGQzN2Y12AIG4AIB&sid=b0606c9325481785d6f3a8af5a0a6aa3&aid=304142&ucfs=1&arphpl=1&group_adults=2&req_adults=2&no_rooms=1&group_children=0&req_children=0&hpos=8&hapos=8&sr_order=popularity&srpvid=ea4e555878ad017c&srepoch=1670674097&dcs_click=1&from=searchresults&map_fdco=1#hotelTmpl,Canopy By Hilton Boston Downtown
2022-12-10 07:08:21.381815,https://www.booking.com/hotel/us/boston-back-bay.html?label=gen173nr+%5C+%5C-1FCAEoggI46AdIM1gEaGyIAQGYAQm4AQfIAQzYAQHoAQH4AQuIAgGoAgO4AtPev5wGwAIB0g+%5C%5C+IkMzczODQ3OWMtN2M5Ny00NjA5LThjYWQtYzM0YTBlOGQzN2Y12AIG4AIB&sid=b0606c9325481785d6f3a8af5a0a6aa3&aid=304142&ucfs=1&arphpl=1&group_adults=2&req_adults=2&no_rooms=1&group_children=0&req_children=0&hpos=9&hapos=9&sr_order=popularity&srpvid=ea4e555878ad017c&srepoch=1670674097&dcs_click=1&from=searchresults&map_fdco=1#hotelTmpl,Hilton Boston Back Bay
2022-12-10 07:08:21.381815,https://www.booking.com/hotel/us/found-hotel-boston-common.html?label=gen173nr+%5C+%5C-1FCAEoggI46AdIM1gEaGyIAQGYAQm4AQfIAQzYAQHoAQH4AQuIAgGoAgO4AtPev5wGwAIB0g+%5C%5C+IkMzczODQ3OWMtN2M5Ny00NjA5LThjYWQtYzM0YTBlOGQzN2Y12AIG4AIB&sid=b0606c9325481785d6f3a8af5a0a6aa3&aid=304142&ucfs=1&arphpl=1&group_adults=2&req_adults=2&no_rooms=1&group_children=0&req_children=0&hpos=10&hapos=10&sr_order=popularity&srpvid=ea4e555878ad017c&srepoch=1670674097&dcs_click=1&from=searchresults&map_fdco=1#hotelTmpl,Found Hotel Boston Common
2022-12-10 07:08:21.397523,https://www.booking.com/hotel/us/embassy-boston-logan.html?label=gen173nr+%5C+%5C-1FCAEoggI46AdIM1gEaGyIAQGYAQm4AQfIAQzYAQHoAQH4AQuIAgGoAgO4AtPev5wGwAIB0g+%5C%5C+IkMzczODQ3OWMtN2M5Ny00NjA5LThjYWQtYzM0YTBlOGQzN2Y12AIG4AIB&sid=b0606c9325481785d6f3a8af5a0a6aa3&aid=304142&ucfs=1&arphpl=1&group_adults=2&req_adults=2&no_rooms=1&group_children=0&req_children=0&hpos=11&hapos=11&sr_order=popularity&srpvid=ea4e555878ad017c&srepoch=1670674097&from_sustainable_property_sr=1&dcs_click=1&from=searchresults&map_fdco=1#hotelTmpl,Embassy Suites Boston at Logan Airport
2022-12-10 07:08:21.413942,https://www.booking.com/hotel/us/hilton-garden-inn-boston-logan-airport.html?label=gen173nr+%5C+%5C-1FCAEoggI46AdIM1gEaGyIAQGYAQm4AQfIAQzYAQHoAQH4AQuIAgGoAgO4AtPev5wGwAIB0g+%5C%5C+IkMzczODQ3OWMtN2M5Ny00NjA5LThjYWQtYzM0YTBlOGQzN2Y12AIG4AIB&sid=b0606c9325481785d6f3a8af5a0a6aa3&aid=304142&ucfs=1&arphpl=1&group_adults=2&req_adults=2&no_rooms=1&group_children=0&req_children=0&hpos=12&hapos=12&sr_order=popularity&srpvid=ea4e555878ad017c&srepoch=1670674097&from_sustainable_property_sr=1&dcs_click=1&from=searchresults&map_fdco=1#hotelTmpl,Hilton Garden Inn Boston Logan Airport
2022-12-10 07:08:21.413942,https://www.booking.com/hotel/us/holiday-inn-express-boston.html?label=gen173nr+%5C+%5C-1FCAEoggI46AdIM1gEaGyIAQGYAQm4AQfIAQzYAQHoAQH4AQuIAgGoAgO4AtPev5wGwAIB0g+%5C%5C+IkMzczODQ3OWMtN2M5Ny00NjA5LThjYWQtYzM0YTBlOGQzN2Y12AIG4AIB&sid=b0606c9325481785d6f3a8af5a0a6aa3&aid=304142&ucfs=1&arphpl=1&group_adults=2&req_adults=2&no_rooms=1&group_children=0&req_children=0&hpos=13&hapos=13&sr_order=popularity&srpvid=ea4e555878ad017c&srepoch=1670674097&dcs_click=1&from=searchresults&map_fdco=1#hotelTmpl,"Holiday Inn Express Boston, an IHG Hotel"
2022-12-10 07:08:21.429977,https://www.booking.com/hotel/us/omni-boston-at-the-seaport.html?label=gen173nr+%5C+%5C-1FCAEoggI46AdIM1gEaGyIAQGYAQm4AQfIAQzYAQHoAQH4AQuIAgGoAgO4AtPev5wGwAIB0g+%5C%5C+IkMzczODQ3OWMtN2M5Ny00NjA5LThjYWQtYzM0YTBlOGQzN2Y12AIG4AIB&sid=b0606c9325481785d6f3a8af5a0a6aa3&aid=304142&ucfs=1&arphpl=1&group_adults=2&req_adults=2&no_rooms=1&group_children=0&req_children=0&hpos=14&hapos=14&sr_order=popularity&srpvid=ea4e555878ad017c&srepoch=1670674097&from_sustainable_property_sr=1&dcs_click=1&from=searchresults&map_fdco=1#hotelTmpl,Omni Boston Hotel at the Seaport
2022-12-10 07:08:21.445613,https://www.booking.com/hotel/us/the-godfrey-boston.html?label=gen173nr+%5C+%5C-1FCAEoggI46AdIM1gEaGyIAQGYAQm4AQfIAQzYAQHoAQH4AQuIAgGoAgO4AtPev5wGwAIB0g+%5C%5C+IkMzczODQ3OWMtN2M5Ny00NjA5LThjYWQtYzM0YTBlOGQzN2Y12AIG4AIB&sid=b0606c9325481785d6f3a8af5a0a6aa3&aid=304142&ucfs=1&arphpl=1&group_adults=2&req_adults=2&no_rooms=1&group_children=0&req_children=0&hpos=15&hapos=15&sr_order=popularity&srpvid=ea4e555878ad017c&srepoch=1670674097&dcs_click=1&from=searchresults&map_fdco=1#hotelTmpl,The Godfrey Hotel Boston
2022-12-10 07:08:21.462186,https://www.booking.com/hotel/us/hilton-logan-airport.html?label=gen173nr+%5C+%5C-1FCAEoggI46AdIM1gEaGyIAQGYAQm4AQfIAQzYAQHoAQH4AQuIAgGoAgO4AtPev5wGwAIB0g+%5C%5C+IkMzczODQ3OWMtN2M5Ny00NjA5LThjYWQtYzM0YTBlOGQzN2Y12AIG4AIB&sid=b0606c9325481785d6f3a8af5a0a6aa3&aid=304142&ucfs=1&arphpl=1&group_adults=2&req_adults=2&no_rooms=1&group_children=0&req_children=0&hpos=16&hapos=16&sr_order=popularity&srpvid=ea4e555878ad017c&srepoch=1670674097&from_sustainable_property_sr=1&dcs_click=1&from=searchresults&map_fdco=1#hotelTmpl,Hilton Boston Logan Airport
2022-12-10 07:08:21.462186,https://www.booking.com/hotel/us/ac-by-marriott-boston-cleveland-circle.html?label=gen173nr+%5C+%5C-1FCAEoggI46AdIM1gEaGyIAQGYAQm4AQfIAQzYAQHoAQH4AQuIAgGoAgO4AtPev5wGwAIB0g+%5C%5C+IkMzczODQ3OWMtN2M5Ny00NjA5LThjYWQtYzM0YTBlOGQzN2Y12AIG4AIB&sid=b0606c9325481785d6f3a8af5a0a6aa3&aid=304142&ucfs=1&arphpl=1&group_adults=2&req_adults=2&no_rooms=1&group_children=0&req_children=0&hpos=17&hapos=17&sr_order=popularity&srpvid=ea4e555878ad017c&srepoch=1670674097&from_sustainable_property_sr=1&dcs_click=1&from=searchresults&map_fdco=1#hotelTmpl,AC Hotel by Marriott Boston Cleveland Circle
2022-12-10 07:08:21.478237,https://www.booking.com/hotel/us/residence-inn-boston-harbor-on-tudor-wharf.html?label=gen173nr+%5C+%5C-1FCAEoggI46AdIM1gEaGyIAQGYAQm4AQfIAQzYAQHoAQH4AQuIAgGoAgO4AtPev5wGwAIB0g+%5C%5C+IkMzczODQ3OWMtN2M5Ny00NjA5LThjYWQtYzM0YTBlOGQzN2Y12AIG4AIB&sid=b0606c9325481785d6f3a8af5a0a6aa3&aid=304142&ucfs=1&arphpl=1&group_adults=2&req_adults=2&no_rooms=1&group_children=0&req_children=0&hpos=18&hapos=18&sr_order=popularity&srpvid=ea4e555878ad017c&srepoch=1670674097&from_sustainable_property_sr=1&dcs_click=1&from=searchresults&map_fdco=1#hotelTmpl,Residence Inn by Marriott Boston Harbor on Tudor Wharf
2022-12-10 07:08:21.494022,https://www.booking.com/hotel/us/seaport.html?label=gen173nr+%5C+%5C-1FCAEoggI46AdIM1gEaGyIAQGYAQm4AQfIAQzYAQHoAQH4AQuIAgGoAgO4AtPev5wGwAIB0g+%5C%5C+IkMzczODQ3OWMtN2M5Ny00NjA5LThjYWQtYzM0YTBlOGQzN2Y12AIG4AIB&sid=b0606c9325481785d6f3a8af5a0a6aa3&aid=304142&ucfs=1&arphpl=1&group_adults=2&req_adults=2&no_rooms=1&group_children=0&req_children=0&hpos=19&hapos=19&sr_order=popularity&srpvid=ea4e555878ad017c&srepoch=1670674097&dcs_click=1&from=searchresults&map_fdco=1#hotelTmpl,Seaport HotelÂ® Boston
2022-12-10 07:08:21.509904,https://www.booking.com/hotel/us/homewood-suites-by-hilton-boston-seaport-ma.html?label=gen173nr+%5C+%5C-1FCAEoggI46AdIM1gEaGyIAQGYAQm4AQfIAQzYAQHoAQH4AQuIAgGoAgO4AtPev5wGwAIB0g+%5C%5C+IkMzczODQ3OWMtN2M5Ny00NjA5LThjYWQtYzM0YTBlOGQzN2Y12AIG4AIB&sid=b0606c9325481785d6f3a8af5a0a6aa3&aid=304142&ucfs=1&arphpl=1&group_adults=2&req_adults=2&no_rooms=1&group_children=0&req_children=0&hpos=20&hapos=20&sr_order=popularity&srpvid=ea4e555878ad017c&srepoch=1670674097&from_sustainable_property_sr=1&dcs_click=1&from=searchresults&map_fdco=1#hotelTmpl,Homewood Suites by Hilton Boston Seaport District
2022-12-10 07:08:21.509904,https://www.booking.com/hotel/us/hampton-inn-logan-air.html?label=gen173nr+%5C+%5C-1FCAEoggI46AdIM1gEaGyIAQGYAQm4AQfIAQzYAQHoAQH4AQuIAgGoAgO4AtPev5wGwAIB0g+%5C%5C+IkMzczODQ3OWMtN2M5Ny00NjA5LThjYWQtYzM0YTBlOGQzN2Y12AIG4AIB&sid=b0606c9325481785d6f3a8af5a0a6aa3&aid=304142&ucfs=1&arphpl=1&group_adults=2&req_adults=2&no_rooms=1&group_children=0&req_children=0&hpos=21&hapos=21&sr_order=popularity&srpvid=ea4e555878ad017c&srepoch=1670674097&dcs_click=1&from=searchresults&map_fdco=1#hotelTmpl,Hampton Inn Boston Logan Airport
2022-12-10 07:08:21.526049,https://www.booking.com/hotel/us/courtyard-boston-downtown-tremont-boston.html?label=gen173nr+%5C+%5C-1FCAEoggI46AdIM1gEaGyIAQGYAQm4AQfIAQzYAQHoAQH4AQuIAgGoAgO4AtPev5wGwAIB0g+%5C%5C+IkMzczODQ3OWMtN2M5Ny00NjA5LThjYWQtYzM0YTBlOGQzN2Y12AIG4AIB&sid=b0606c9325481785d6f3a8af5a0a6aa3&aid=304142&ucfs=1&arphpl=1&group_adults=2&req_adults=2&no_rooms=1&group_children=0&req_children=0&hpos=22&hapos=22&sr_order=popularity&srpvid=ea4e555878ad017c&srepoch=1670674097&from_sustainable_property_sr=1&dcs_click=1&from=searchresults&map_fdco=1#hotelTmpl,Courtyard by Marriott Boston Downtown
2022-12-10 07:08:21.541688,https://www.booking.com/hotel/us/moxy-boston-downtown.html?label=gen173nr+%5C+%5C-1FCAEoggI46AdIM1gEaGyIAQGYAQm4AQfIAQzYAQHoAQH4AQuIAgGoAgO4AtPev5wGwAIB0g+%5C%5C+IkMzczODQ3OWMtN2M5Ny00NjA5LThjYWQtYzM0YTBlOGQzN2Y12AIG4AIB&sid=b0606c9325481785d6f3a8af5a0a6aa3&aid=304142&ucfs=1&arphpl=1&group_adults=2&req_adults=2&no_rooms=1&group_children=0&req_children=0&hpos=23&hapos=23&sr_order=popularity&srpvid=ea4e555878ad017c&srepoch=1670674097&from_sustainable_property_sr=1&dcs_click=1&from=searchresults&map_fdco=1#hotelTmpl,Moxy Boston Downtown
2022-12-10 07:08:21.569978,https://www.booking.com/hotel/us/doubletree-boston-downtown.html?label=gen173nr+%5C+%5C-1FCAEoggI46AdIM1gEaGyIAQGYAQm4AQfIAQzYAQHoAQH4AQuIAgGoAgO4AtPev5wGwAIB0g+%5C%5C+IkMzczODQ3OWMtN2M5Ny00NjA5LThjYWQtYzM0YTBlOGQzN2Y12AIG4AIB&sid=b0606c9325481785d6f3a8af5a0a6aa3&aid=304142&ucfs=1&arphpl=1&group_adults=2&req_adults=2&no_rooms=1&group_children=0&req_children=0&hpos=24&hapos=24&sr_order=popularity&srpvid=ea4e555878ad017c&srepoch=1670674097&from_sustainable_property_sr=1&dcs_click=1&from=searchresults&map_fdco=1#hotelTmpl,DoubleTree by Hilton Hotel Boston - Downtown
2022-12-10 07:08:21.588721,https://www.booking.com/hotel/us/hyatt-regency-boston.html?label=gen173nr+%5C+%5C-1FCAEoggI46AdIM1gEaGyIAQGYAQm4AQfIAQzYAQHoAQH4AQuIAgGoAgO4AtPev5wGwAIB0g+%5C%5C+IkMzczODQ3OWMtN2M5Ny00NjA5LThjYWQtYzM0YTBlOGQzN2Y12AIG4AIB&sid=b0606c9325481785d6f3a8af5a0a6aa3&aid=304142&ucfs=1&arphpl=1&group_adults=2&req_adults=2&no_rooms=1&group_children=0&req_children=0&hpos=25&hapos=25&sr_order=popularity&srpvid=ea4e555878ad017c&srepoch=1670674097&from_sustainable_property_sr=1&dcs_click=1&from=searchresults&map_fdco=1#hotelTmpl,Hyatt Regency Boston
2022-12-10 07:08:27.018969,https://www.booking.com/hotel/us/home2-suites-by-hilton-boston-south-bay.html?label=gen173nr+%5C+%5C-1FCAEoggI46AdIM1gEaGyIAQGYAQm4AQfIAQzYAQHoAQH4AQuIAgGoAgO4AtPev5wGwAIB0g+%5C%5C+IkMzczODQ3OWMtN2M5Ny00NjA5LThjYWQtYzM0YTBlOGQzN2Y12AIG4AIB&sid=b0606c9325481785d6f3a8af5a0a6aa3&aid=304142&ucfs=1&arphpl=1&group_adults=2&req_adults=2&no_rooms=1&group_children=0&req_children=0&hpos=1&hapos=26&sr_order=popularity&srpvid=ea4e555878ad017c&srepoch=1670674103&from_sustainable_property_sr=1&dcs_click=1&from=searchresults&map_fdco=1#hotelTmpl,Home2 Suites By Hilton Boston South Bay
2022-12-10 07:08:27.034832,https://www.booking.com/hotel/us/doubletree-guest-suites-boston.html?label=gen173nr+%5C+%5C-1FCAEoggI46AdIM1gEaGyIAQGYAQm4AQfIAQzYAQHoAQH4AQuIAgGoAgO4AtPev5wGwAIB0g+%5C%5C+IkMzczODQ3OWMtN2M5Ny00NjA5LThjYWQtYzM0YTBlOGQzN2Y12AIG4AIB&sid=b0606c9325481785d6f3a8af5a0a6aa3&aid=304142&ucfs=1&arphpl=1&group_adults=2&req_adults=2&no_rooms=1&group_children=0&req_children=0&hpos=2&hapos=27&sr_order=popularity&srpvid=ea4e555878ad017c&srepoch=1670674103&from_sustainable_property_sr=1&dcs_click=1&from=searchresults&map_fdco=1#hotelTmpl,DoubleTree Suites by Hilton Hotel Boston - Cambridge
2022-12-10 07:08:27.056422,https://www.booking.com/hotel/us/wyndham-boston-beacon-hill.html?label=gen173nr+%5C+%5C-1FCAEoggI46AdIM1gEaGyIAQGYAQm4AQfIAQzYAQHoAQH4AQuIAgGoAgO4AtPev5wGwAIB0g+%5C%5C+IkMzczODQ3OWMtN2M5Ny00NjA5LThjYWQtYzM0YTBlOGQzN2Y12AIG4AIB&sid=b0606c9325481785d6f3a8af5a0a6aa3&aid=304142&ucfs=1&arphpl=1&group_adults=2&req_adults=2&no_rooms=1&group_children=0&req_children=0&hpos=3&hapos=28&sr_order=popularity&srpvid=ea4e555878ad017c&srepoch=1670674103&dcs_click=1&from=searchresults&map_fdco=1#hotelTmpl,Wyndham Boston Beacon Hill
2022-12-10 07:08:27.072400,https://www.booking.com/hotel/us/hyatt-centric-faneuil-hall-boston.html?label=gen173nr+%5C+%5C-1FCAEoggI46AdIM1gEaGyIAQGYAQm4AQfIAQzYAQHoAQH4AQuIAgGoAgO4AtPev5wGwAIB0g+%5C%5C+IkMzczODQ3OWMtN2M5Ny00NjA5LThjYWQtYzM0YTBlOGQzN2Y12AIG4AIB&sid=b0606c9325481785d6f3a8af5a0a6aa3&aid=304142&ucfs=1&arphpl=1&group_adults=2&req_adults=2&no_rooms=1&group_children=0&req_children=0&hpos=4&hapos=29&sr_order=popularity&srpvid=ea4e555878ad017c&srepoch=1670674103&from_sustainable_property_sr=1&dcs_click=1&from=searchresults&map_fdco=1#hotelTmpl,Hyatt Centric Faneuil Hall Boston
2022-12-10 07:08:27.088440,https://www.booking.com/hotel/us/the-revolution.html?label=gen173nr+%5C+%5C-1FCAEoggI46AdIM1gEaGyIAQGYAQm4AQfIAQzYAQHoAQH4AQuIAgGoAgO4AtPev5wGwAIB0g+%5C%5C+IkMzczODQ3OWMtN2M5Ny00NjA5LThjYWQtYzM0YTBlOGQzN2Y12AIG4AIB&sid=b0606c9325481785d6f3a8af5a0a6aa3&aid=304142&ucfs=1&arphpl=1&group_adults=2&req_adults=2&no_rooms=1&group_children=0&req_children=0&hpos=5&hapos=30&sr_order=popularity&srpvid=ea4e555878ad017c&srepoch=1670674103&from_sustainable_property_sr=1&dcs_click=1&from=searchresults&map_fdco=1#hotelTmpl,The Revolution Hotel
2022-12-10 07:08:27.104076,https://www.booking.com/hotel/us/millennium-bostonian.html?label=gen173nr+%5C+%5C-1FCAEoggI46AdIM1gEaGyIAQGYAQm4AQfIAQzYAQHoAQH4AQuIAgGoAgO4AtPev5wGwAIB0g+%5C%5C+IkMzczODQ3OWMtN2M5Ny00NjA5LThjYWQtYzM0YTBlOGQzN2Y12AIG4AIB&sid=b0606c9325481785d6f3a8af5a0a6aa3&aid=304142&ucfs=1&arphpl=1&group_adults=2&req_adults=2&no_rooms=1&group_children=0&req_children=0&hpos=6&hapos=31&sr_order=popularity&srpvid=ea4e555878ad017c&srepoch=1670674103&dcs_click=1&from=searchresults&map_fdco=1#hotelTmpl,The Bostonian Boston
2022-12-10 07:08:27.119691,https://www.booking.com/hotel/us/staypineapple-south-end.html?label=gen173nr+%5C+%5C-1FCAEoggI46AdIM1gEaGyIAQGYAQm4AQfIAQzYAQHoAQH4AQuIAgGoAgO4AtPev5wGwAIB0g+%5C%5C+IkMzczODQ3OWMtN2M5Ny00NjA5LThjYWQtYzM0YTBlOGQzN2Y12AIG4AIB&sid=b0606c9325481785d6f3a8af5a0a6aa3&aid=304142&ucfs=1&arphpl=1&group_adults=2&req_adults=2&no_rooms=1&group_children=0&req_children=0&hpos=7&hapos=32&sr_order=popularity&srpvid=ea4e555878ad017c&srepoch=1670674103&dcs_click=1&from=searchresults&map_fdco=1#hotelTmpl,"Staypineapple, A Delightful Hotel, South End"
2022-12-10 07:08:27.135896,https://www.booking.com/hotel/us/langham-boston.html?label=gen173nr+%5C+%5C-1FCAEoggI46AdIM1gEaGyIAQGYAQm4AQfIAQzYAQHoAQH4AQuIAgGoAgO4AtPev5wGwAIB0g+%5C%5C+IkMzczODQ3OWMtN2M5Ny00NjA5LThjYWQtYzM0YTBlOGQzN2Y12AIG4AIB&sid=b0606c9325481785d6f3a8af5a0a6aa3&aid=304142&ucfs=1&arphpl=1&group_adults=2&req_adults=2&no_rooms=1&group_children=0&req_children=0&hpos=8&hapos=33&sr_order=popularity&srpvid=ea4e555878ad017c&srepoch=1670674103&from_sustainable_property_sr=1&dcs_click=1&from=searchresults&map_fdco=1#hotelTmpl,"The Langham, Boston"
2022-12-10 07:08:27.151830,https://www.booking.com/hotel/us/courtyard-boston-copley-square.html?label=gen173nr+%5C+%5C-1FCAEoggI46AdIM1gEaGyIAQGYAQm4AQfIAQzYAQHoAQH4AQuIAgGoAgO4AtPev5wGwAIB0g+%5C%5C+IkMzczODQ3OWMtN2M5Ny00NjA5LThjYWQtYzM0YTBlOGQzN2Y12AIG4AIB&sid=b0606c9325481785d6f3a8af5a0a6aa3&aid=304142&ucfs=1&arphpl=1&group_adults=2&req_adults=2&no_rooms=1&group_children=0&req_children=0&hpos=9&hapos=34&sr_order=popularity&srpvid=ea4e555878ad017c&srepoch=1670674103&from_sustainable_property_sr=1&dcs_click=1&from=searchresults&map_fdco=1#hotelTmpl,Courtyard Boston Copley Square
2022-12-10 07:08:27.167623,https://www.booking.com/hotel/us/encore-boston-harbor.html?label=gen173nr+%5C+%5C-1FCAEoggI46AdIM1gEaGyIAQGYAQm4AQfIAQzYAQHoAQH4AQuIAgGoAgO4AtPev5wGwAIB0g+%5C%5C+IkMzczODQ3OWMtN2M5Ny00NjA5LThjYWQtYzM0YTBlOGQzN2Y12AIG4AIB&sid=b0606c9325481785d6f3a8af5a0a6aa3&aid=304142&ucfs=1&arphpl=1&group_adults=2&req_adults=2&no_rooms=1&group_children=0&req_children=0&hpos=10&hapos=35&sr_order=popularity&srpvid=ea4e555878ad017c&srepoch=1670674103&from_sustainable_property_sr=1&dcs_click=1&from=searchresults&map_fdco=1#hotelTmpl,Encore Boston Harbor
2022-12-10 07:08:27.183602,https://www.booking.com/hotel/us/westin-boston-waterfront.html?label=gen173nr+%5C+%5C-1FCAEoggI46AdIM1gEaGyIAQGYAQm4AQfIAQzYAQHoAQH4AQuIAgGoAgO4AtPev5wGwAIB0g+%5C%5C+IkMzczODQ3OWMtN2M5Ny00NjA5LThjYWQtYzM0YTBlOGQzN2Y12AIG4AIB&sid=b0606c9325481785d6f3a8af5a0a6aa3&aid=304142&ucfs=1&arphpl=1&group_adults=2&req_adults=2&no_rooms=1&group_children=0&req_children=0&hpos=11&hapos=36&sr_order=popularity&srpvid=ea4e555878ad017c&srepoch=1670674103&from_sustainable_property_sr=1&dcs_click=1&from=searchresults&map_fdco=1#hotelTmpl,The Westin Boston Seaport District
2022-12-10 07:08:27.199324,https://www.booking.com/hotel/us/hilton-boston-fin-district.html?label=gen173nr+%5C+%5C-1FCAEoggI46AdIM1gEaGyIAQGYAQm4AQfIAQzYAQHoAQH4AQuIAgGoAgO4AtPev5wGwAIB0g+%5C%5C+IkMzczODQ3OWMtN2M5Ny00NjA5LThjYWQtYzM0YTBlOGQzN2Y12AIG4AIB&sid=b0606c9325481785d6f3a8af5a0a6aa3&aid=304142&ucfs=1&arphpl=1&group_adults=2&req_adults=2&no_rooms=1&group_children=0&req_children=0&hpos=12&hapos=37&sr_order=popularity&srpvid=ea4e555878ad017c&srepoch=1670674103&from_sustainable_property_sr=1&dcs_click=1&from=searchresults&map_fdco=1#hotelTmpl,Hilton Boston Downtown/Faneuil Hall
2022-12-10 07:08:27.230141,https://www.booking.com/hotel/us/aloft-boston-seaport.html?label=gen173nr+%5C+%5C-1FCAEoggI46AdIM1gEaGyIAQGYAQm4AQfIAQzYAQHoAQH4AQuIAgGoAgO4AtPev5wGwAIB0g+%5C%5C+IkMzczODQ3OWMtN2M5Ny00NjA5LThjYWQtYzM0YTBlOGQzN2Y12AIG4AIB&sid=b0606c9325481785d6f3a8af5a0a6aa3&aid=304142&ucfs=1&arphpl=1&group_adults=2&req_adults=2&no_rooms=1&group_children=0&req_children=0&hpos=13&hapos=38&sr_order=popularity&srpvid=ea4e555878ad017c&srepoch=1670674103&from_sustainable_property_sr=1&dcs_click=1&from=searchresults&map_fdco=1#hotelTmpl,Aloft Boston Seaport District
2022-12-10 07:08:27.246075,https://www.booking.com/hotel/us/intercontinental-boston.html?label=gen173nr+%5C+%5C-1FCAEoggI46AdIM1gEaGyIAQGYAQm4AQfIAQzYAQHoAQH4AQuIAgGoAgO4AtPev5wGwAIB0g+%5C%5C+IkMzczODQ3OWMtN2M5Ny00NjA5LThjYWQtYzM0YTBlOGQzN2Y12AIG4AIB&sid=b0606c9325481785d6f3a8af5a0a6aa3&aid=304142&ucfs=1&arphpl=1&group_adults=2&req_adults=2&no_rooms=1&group_children=0&req_children=0&hpos=14&hapos=39&sr_order=popularity&srpvid=ea4e555878ad017c&srepoch=1670674103&from_sustainable_property_sr=1&dcs_click=1&from=searchresults&map_fdco=1#hotelTmpl,"InterContinental Boston, an IHG Hotel"
2022-12-10 07:08:27.261783,https://www.booking.com/hotel/us/hotel-indigo-boston-garden.html?label=gen173nr+%5C+%5C-1FCAEoggI46AdIM1gEaGyIAQGYAQm4AQfIAQzYAQHoAQH4AQuIAgGoAgO4AtPev5wGwAIB0g+%5C%5C+IkMzczODQ3OWMtN2M5Ny00NjA5LThjYWQtYzM0YTBlOGQzN2Y12AIG4AIB&sid=b0606c9325481785d6f3a8af5a0a6aa3&aid=304142&ucfs=1&arphpl=1&group_adults=2&req_adults=2&no_rooms=1&group_children=0&req_children=0&hpos=15&hapos=40&sr_order=popularity&srpvid=ea4e555878ad017c&srepoch=1670674103&dcs_click=1&from=searchresults&map_fdco=1#hotelTmpl,"Hotel Indigo Boston Garden, an IHG Hotel"
2022-12-10 07:08:27.277410,https://www.booking.com/hotel/us/cambria-boston-downtown.html?label=gen173nr+%5C+%5C-1FCAEoggI46AdIM1gEaGyIAQGYAQm4AQfIAQzYAQHoAQH4AQuIAgGoAgO4AtPev5wGwAIB0g+%5C%5C+IkMzczODQ3OWMtN2M5Ny00NjA5LThjYWQtYzM0YTBlOGQzN2Y12AIG4AIB&sid=b0606c9325481785d6f3a8af5a0a6aa3&aid=304142&ucfs=1&arphpl=1&group_adults=2&req_adults=2&no_rooms=1&group_children=0&req_children=0&hpos=16&hapos=41&sr_order=popularity&srpvid=ea4e555878ad017c&srepoch=1670674103&dcs_click=1&from=searchresults&map_fdco=1#hotelTmpl,"Cambria Hotel Boston, Downtown-South Boston"
2022-12-10 07:08:27.308655,https://www.booking.com/hotel/us/the-eliot.html?label=gen173nr+%5C+%5C-1FCAEoggI46AdIM1gEaGyIAQGYAQm4AQfIAQzYAQHoAQH4AQuIAgGoAgO4AtPev5wGwAIB0g+%5C%5C+IkMzczODQ3OWMtN2M5Ny00NjA5LThjYWQtYzM0YTBlOGQzN2Y12AIG4AIB&sid=b0606c9325481785d6f3a8af5a0a6aa3&aid=304142&ucfs=1&arphpl=1&group_adults=2&req_adults=2&no_rooms=1&group_children=0&req_children=0&hpos=17&hapos=42&sr_order=popularity&srpvid=ea4e555878ad017c&srepoch=1670674103&from_sustainable_property_sr=1&dcs_click=1&from=searchresults&map_fdco=1#hotelTmpl,The Eliot Hotel
2022-12-10 07:08:27.324711,https://www.booking.com/hotel/us/residence-inn-boston-downtown-south-end.html?label=gen173nr+%5C+%5C-1FCAEoggI46AdIM1gEaGyIAQGYAQm4AQfIAQzYAQHoAQH4AQuIAgGoAgO4AtPev5wGwAIB0g+%5C%5C+IkMzczODQ3OWMtN2M5Ny00NjA5LThjYWQtYzM0YTBlOGQzN2Y12AIG4AIB&sid=b0606c9325481785d6f3a8af5a0a6aa3&aid=304142&ucfs=1&arphpl=1&group_adults=2&req_adults=2&no_rooms=1&group_children=0&req_children=0&hpos=18&hapos=43&sr_order=popularity&srpvid=ea4e555878ad017c&srepoch=1670674103&from_sustainable_property_sr=1&dcs_click=1&from=searchresults&map_fdco=1#hotelTmpl,Residence Inn Boston Downtown/South End
2022-12-10 07:08:27.341535,https://www.booking.com/hotel/us/ac-by-marriott-boston-downtown.html?label=gen173nr+%5C+%5C-1FCAEoggI46AdIM1gEaGyIAQGYAQm4AQfIAQzYAQHoAQH4AQuIAgGoAgO4AtPev5wGwAIB0g+%5C%5C+IkMzczODQ3OWMtN2M5Ny00NjA5LThjYWQtYzM0YTBlOGQzN2Y12AIG4AIB&sid=b0606c9325481785d6f3a8af5a0a6aa3&aid=304142&ucfs=1&arphpl=1&group_adults=2&req_adults=2&no_rooms=1&group_children=0&req_children=0&hpos=19&hapos=44&sr_order=popularity&srpvid=ea4e555878ad017c&srepoch=1670674103&from_sustainable_property_sr=1&dcs_click=1&from=searchresults&map_fdco=1#hotelTmpl,AC Hotel by Marriott Boston Downtown
2022-12-10 07:08:27.357995,https://www.booking.com/hotel/us/the-whitney-boston1.html?label=gen173nr+%5C+%5C-1FCAEoggI46AdIM1gEaGyIAQGYAQm4AQfIAQzYAQHoAQH4AQuIAgGoAgO4AtPev5wGwAIB0g+%5C%5C+IkMzczODQ3OWMtN2M5Ny00NjA5LThjYWQtYzM0YTBlOGQzN2Y12AIG4AIB&sid=b0606c9325481785d6f3a8af5a0a6aa3&aid=304142&ucfs=1&arphpl=1&group_adults=2&req_adults=2&no_rooms=1&group_children=0&req_children=0&hpos=20&hapos=45&sr_order=popularity&srpvid=ea4e555878ad017c&srepoch=1670674103&from_sustainable_property_sr=1&dcs_click=1&from=searchresults&map_fdco=1#hotelTmpl,The Whitney Hotel Boston
2022-12-10 07:08:27.374359,https://www.booking.com/hotel/us/four-seasons-one-dalton-street-boston.html?label=gen173nr+%5C+%5C-1FCAEoggI46AdIM1gEaGyIAQGYAQm4AQfIAQzYAQHoAQH4AQuIAgGoAgO4AtPev5wGwAIB0g+%5C%5C+IkMzczODQ3OWMtN2M5Ny00NjA5LThjYWQtYzM0YTBlOGQzN2Y12AIG4AIB&sid=b0606c9325481785d6f3a8af5a0a6aa3&aid=304142&ucfs=1&arphpl=1&group_adults=2&req_adults=2&no_rooms=1&group_children=0&req_children=0&hpos=21&hapos=46&sr_order=popularity&srpvid=ea4e555878ad017c&srepoch=1670674103&dcs_click=1&from=searchresults&map_fdco=1#hotelTmpl,"Four Seasons Hotel One Dalton Street, Boston"
2022-12-10 07:08:27.390419,https://www.booking.com/hotel/us/courtyard-boston-south-boston.html?label=gen173nr+%5C+%5C-1FCAEoggI46AdIM1gEaGyIAQGYAQm4AQfIAQzYAQHoAQH4AQuIAgGoAgO4AtPev5wGwAIB0g+%5C%5C+IkMzczODQ3OWMtN2M5Ny00NjA5LThjYWQtYzM0YTBlOGQzN2Y12AIG4AIB&sid=b0606c9325481785d6f3a8af5a0a6aa3&aid=304142&ucfs=1&arphpl=1&group_adults=2&req_adults=2&no_rooms=1&group_children=0&req_children=0&hpos=22&hapos=47&sr_order=popularity&srpvid=ea4e555878ad017c&srepoch=1670674103&from_sustainable_property_sr=1&dcs_click=1&from=searchresults&map_fdco=1#hotelTmpl,Courtyard Boston-South Boston
2022-12-10 07:08:27.406240,https://www.booking.com/hotel/us/envision-boston-everett-an-ascend-collection-member.html?label=gen173nr+%5C+%5C-1FCAEoggI46AdIM1gEaGyIAQGYAQm4AQfIAQzYAQHoAQH4AQuIAgGoAgO4AtPev5wGwAIB0g+%5C%5C+IkMzczODQ3OWMtN2M5Ny00NjA5LThjYWQtYzM0YTBlOGQzN2Y12AIG4AIB&sid=b0606c9325481785d6f3a8af5a0a6aa3&aid=304142&ucfs=1&arphpl=1&group_adults=2&req_adults=2&no_rooms=1&group_children=0&req_children=0&hpos=23&hapos=48&sr_order=popularity&srpvid=ea4e555878ad017c&srepoch=1670674103&dcs_click=1&from=searchresults&map_fdco=1#hotelTmpl,"enVision Hotel Boston-Everett, Ascend Hotel Collection"
2022-12-10 07:08:27.422354,https://www.booking.com/hotel/us/residence-inn-boston-back-bay-fenway.html?label=gen173nr+%5C+%5C-1FCAEoggI46AdIM1gEaGyIAQGYAQm4AQfIAQzYAQHoAQH4AQuIAgGoAgO4AtPev5wGwAIB0g+%5C%5C+IkMzczODQ3OWMtN2M5Ny00NjA5LThjYWQtYzM0YTBlOGQzN2Y12AIG4AIB&sid=b0606c9325481785d6f3a8af5a0a6aa3&aid=304142&ucfs=1&arphpl=1&group_adults=2&req_adults=2&no_rooms=1&group_children=0&req_children=0&hpos=24&hapos=49&sr_order=popularity&srpvid=ea4e555878ad017c&srepoch=1670674103&from_sustainable_property_sr=1&dcs_click=1&from=searchresults&map_fdco=1#hotelTmpl,Residence Inn by Marriott Boston Back Bay/Fenway
2022-12-10 07:08:27.440328,https://www.booking.com/hotel/us/element-boston-seaport.html?label=gen173nr+%5C+%5C-1FCAEoggI46AdIM1gEaGyIAQGYAQm4AQfIAQzYAQHoAQH4AQuIAgGoAgO4AtPev5wGwAIB0g+%5C%5C+IkMzczODQ3OWMtN2M5Ny00NjA5LThjYWQtYzM0YTBlOGQzN2Y12AIG4AIB&sid=b0606c9325481785d6f3a8af5a0a6aa3&aid=304142&ucfs=1&arphpl=1&group_adults=2&req_adults=2&no_rooms=1&group_children=0&req_children=0&hpos=25&hapos=50&sr_order=popularity&srpvid=ea4e555878ad017c&srepoch=1670674103&from_sustainable_property_sr=1&dcs_click=1&from=searchresults&map_fdco=1#hotelTmpl,Element Boston Seaport District
